Episode,Total Reward,Episode Length,Policy Loss,Value Loss,Entropy
158,-2363.09982919693,158,,,
316,-2251.407787680626,158,,,
474,-2317.84738612175,158,,,
632,-2411.6261175870895,158,,,
790,-1960.348748371005,158,,,
948,-2379.0563026070595,158,,,
1106,-2520.7942766547203,158,,,
1264,-2340.8316729068756,158,,,
1422,-2453.689495205879,158,,,
1580,-2208.671159207821,158,,,
1738,-2070.454443871975,158,,,
1896,-2165.9283529669046,158,,,
